{"url":"/visitor/v2/channels/website","object":"channels","data":{"RTL_supported_language":false,"resource":{"use_chat_departments":true,"departments":[{"21721000003972061":"Team Finance"}]},"portal_config":{"pushpage":"true","fromname":"","inactiveperiod":"-1","companylogoupdated":"true","offbusymsg":"false","translate":"2","dailystatics":"false","isappsenabled":"false","faqrevampmigrated":"true","mapstype":"0","Code Embedded":"true","isgdprenabled":"false","idleasoffline":"false","aibotskipwelcome":"true","sys.mig":"v2","templatemailconfig":"0","gt_consent_approver":"","voicenotes":"false","airespevaluation":"false","isdowngradedtofreeplan":"false","name":"amazixlimited","chatprivacyconfig":"0","sendtranasemail":"false","onboard":{},"isiossdkaccessed":"true","trackportalcreation":"true","cookiepolicyurl":"","istrackdnt":"false","longlastingcookiettl":"2","screensharing":"false","trackingprivacystatement":"","semailsignature":"0","isvisitoreventapi":"false","verifyemail":"true","smartsuggestionengine":"0","trackingprivacyconfig":"0","siqscreensharing":"false","audiocall":"false","profileenrichment":"false","gtpolicyurl":"","ccemailaddr":"false","translatortype":"2","deptmappingmigrated":"true","id":"20064653905","chattranscript":"Manual","showtyping":"true","emailtranscripts":"true","sendemailforipblockto":"false","visitorfeedback":"false","categorynamesmigrated":"true","chatbar":"1","ispasswordprotected":"false","inactivetrackingperiod":"180","smartsuggestions":"false","filetransfer":"true","isvisitorinfoapi":"false","aiconvsummary":"0","maxconcurrentchat":"-1","aitagging":"0","smartsuggestionresponse":"false","mapsgoogleapikey":"","frommailconfig":"1","isipmasking":"false","isandroidsdkaccessed":"true","weeklystats":"false","chatcookiepolicyurl":"","gtprivacyconfig":"1","isvisitorsessionapi":"false","skipwelcome":"true","predictmessage":"true"},"zmap":{"css_url":"https://css.zohocdn.com/salesiq/thirdparty/styles/mapboxgl/mapbox-gl.css","api_url":"https://js.zohocdn.com/salesiq/thirdparty/js/mapboxgl/mapbox-gl.js","api_key":"73f269cc3db5c26abb9a6b58b33e7452","static_url":"https://maps.zoho.com/"},"license_info":{"filesharing":true,"conversationallowed":true,"issiqscreenshare":true,"audiocall":true,"planid":31,"creditmask":true,"faqallowed":true,"assistallowed":true},"upload_download_server":{"event_based_url":false,"upload_server":"https://files.zohopublic.com","download_server":"https://files.zohopublic.eu","enabled":true,"ud_revamp":false,"siq_ud_servicename":"LiveDesk"},"unique_name":"teamfinance","static_urls":{"resource_file":"https://js.zohocdn.com/salesiq/js/resource/embed/resource_5eae6fbfa08b58d60fbdeb5d1e105b6c_.js","css_server":"https://css.zohostatic.eu/salesiq/May_02_2023_01_https","js_server":"https://js.zohostatic.eu/salesiq/May_02_2023_01_https","css_js_mapping":"{\"/styles/embedtheme7.css\":\"cfffbb2f18ec6be98978a84b1b126e3d\",\"/js/floatbutton9.js\":\"60e314b0e735f1260428bf6582828dca\",\"/js/siqchatwindow6.js\":\"d39a5d7e2140656781aa0e0712517d18\",\"/styles/buttontheme6.css\":\"def6331e9aa59b87b4f5239d0aa3bc7a\",\"/FLOAT_CSS_55/styles/floatbutton5.css\":\"772ed17f6c9ad3835d129aef747f80f5\",\"/styles/floatbutton7.css\":\"82f96cd576cd44fe4d28797497113238\",\"/BUTT_CSS_38/styles/buttontheme7.css\":\"f3d696ea2afe2bd8a5ccacb4e7455c22\",\"/styles/floatbuttonpreview.css\":\"cd1fe77bc6e3e604cc58ed7c7e21c64f\",\"/js/floatbutton5.js\":\"2dacdf7f36bf05d17f9d4fc778469d3a\",\"/styles/embedtheme6.css\":\"1826abe75508395bc126a6da1ae611b7\",\"/styles/buttontheme7.css\":\"7eb4cf3325408a986a94087c0ef31c3e\",\"/js/floatbutton1.js\":\"19af23ec280664c9cdc4ecd1309e38ee\",\"/FLOAT_CSS_55/styles/floatbutton6.css\":\"ef46a3f78ed5ea45ac2bcb8068bc4b00\",\"/styles/floatbutton6.css\":\"ef46a3f78ed5ea45ac2bcb8068bc4b00\",\"/BUTT_CSS_38/styles/buttontheme10.css\":\"92be09b7b8258a27784e95a298deeeb5\",\"/styles/buttontheme5.css\":\"83a38482f77c34c34f34654bd54e5098\",\"/FLOAT_CSS_55/styles/floatbuttonpostload.css\":\"ffc787dd60634a34e52c7aaf6a9f69e2\",\"/FLOAT_CSS_55/styles/floatbuttonpreview.css\":\"9cba753206f5cefb63c208264580b79b\",\"/BUTT_CSS_38/styles/buttontheme6.css\":\"b14a552638721bd7ce4142495fe63c92\",\"/js/siqchatwindow2.js\":\"f364e0418fca389157b00154d9d9bafd\",\"/styles/embedtheme5.css\":\"c1afcaa908d61b31a56ae397b18b7810\",\"/js/siqchatwindow5.js\":\"32c3eda80ebf2dde1c8d9be8b8f89b88\",\"/js/floatbutton8.js\":\"e7485075aca906e3bf0785477e76e801\",\"/BUTT_CSS_38/styles/buttontheme4.css\":\"ee496dba1d0b306ebcbceb01f43f37bc\",\"/styles/personalizetheme2.css\":\"ec10038fe7f8460231f74f75d3b1990a\",\"/FLOAT_CSS_55/styles/floatbutton10.css\":\"0fc1f3f0c2e5fb5431ab695fcfaa0d5b\",\"/styles/floatbutton5.css\":\"772ed17f6c9ad3835d129aef747f80f5\",\"/js/floatbutton4.js\":\"3490f228982298c3ddcf0d400359ac63\",\"/FLOAT_CSS_55/styles/floatbutton11.css\":\"e5a0e8a963c559ccc16ca09e06685ba9\",\"/styles/personalizetheme3.css\":\"b384140d6985b6f7c6dd2072c9c65891\",\"/FLOAT_CSS_55/styles/floatbutton7.css\":\"82f96cd576cd44fe4d28797497113238\",\"/styles/buttontheme9.css\":\"4379f8502e6d50a1a55c0700e4eb672e\",\"/styles/embedtheme4.css\":\"b5fc40ff9e4bc2fcd964310e2c655a95\",\"/styles/personalizetheme1.css\":\"dd95d8b22622f2d1007a52684dd15b11\",\"/BUTT_CSS_38/styles/buttontheme5.css\":\"415ac58e9629d74e0068c139b3f13fc1\",\"/styles/buttontheme10.css\":\"b1a99f5bc358b64dc6dabc2bb99f8bf0\",\"/styles/floatbutton4.css\":\"9ba05bb8ddd916a9fc6cf7e5d3b15d9f\",\"/js/siqchatwindow1.js\":\"22a88aa89e0a6a47d29a91d81ffdaaab\",\"/styles/buttontheme8.css\":\"0874f9ea751b43504be813f80f6b6295\",\"/styles/floatbutton3.css\":\"62594d90bc35f3e229b77286fa66595c\",\"/styles/embedtheme3.css\":\"b7547e53af2a335951d0f9c81900b1eb\",\"/FLOAT_CSS_55/styles/floatbutton8.css\":\"91cb3e950a067f22df7d18dde2ac6b6a\",\"/styles/embedtheme2.css\":\"63201cf5e826aefdc6211a1691f2f855\",\"/js/floatbutton7.js\":\"859c7ca5f1d1fc6f56097fefd67472a2\",\"/js/siqchatwindow4.js\":\"a6cd088fe5cf4398d5d22b026aa7c8db\",\"/styles/buttontheme1.css\":\"dd7cbfffad2395a423bec16f7a2c26ec\",\"/styles/floatbutton2.css\":\"7fc67d033bdcd43290b48dcfefe29d0e\",\"/BUTT_CSS_38/styles/buttontheme14.css\":\"3fdc69fd10449c3a16e4f7202cdc7155\",\"/js/floatbutton3.js\":\"96bb196af2ce6f4f19d9df47968d7e71\",\"/styles/buttontheme11.css\":\"441811d67f9f5df17fcae77bb713f594\",\"/BUTT_CSS_38/styles/buttontheme1.css\":\"3f93b587ffc8316288a9b2686a191ed4\",\"/PERSONALIZE_CSS_44/styles/personalizetheme3.css\":\"b384140d6985b6f7c6dd2072c9c65891\",\"/FLOAT_CSS_55/styles/floatbutton9.css\":\"5b4772149168b0c3724dc55ed7b747b0\",\"/styles/floatbutton1.css\":\"80c73e706b1d2b0e91c2c5c19183cb7b\",\"/BUTT_CSS_38/styles/buttontheme3.css\":\"9afd8210c38e0bd00397f84cace24d58\",\"/styles/embedtheme1.css\":\"3b0fe6a430c7f2b1a48b4506e5cef24e\",\"/js/floatbutton10.js\":\"8e7881513cd472a81f066128af039618\",\"/BUTT_CSS_38/styles/buttontheme13.css\":\"ac9ad1654f45fb06f5d2928b16905be6\",\"/FLOAT_CSS_55/styles/floatbutton1.css\":\"80c73e706b1d2b0e91c2c5c19183cb7b\",\"/PERSONALIZE_CSS_44/styles/personalizethemepostload.css\":\"44144001b96ac5be923d079714fee625\",\"/styles/buttontheme2.css\":\"7fd08095486e64f2026c8d94c5253e8a\",\"/styles/buttontheme12.css\":\"6dee9f216e880d62adafd4f28dbc0828\",\"/js/floatbuttonpreview.js\":\"93b953f7fdcdbb1f4d03058239111b19\",\"/PERSONALIZE_CSS_44/styles/personalizetheme2.css\":\"ec10038fe7f8460231f74f75d3b1990a\",\"/BUTT_CSS_38/styles/buttontheme2.css\":\"838e8e34267a1d9883c0efd3a2cd9a9b\",\"/styles/embedthemepreview.css\":\"1f7a67032d7264349a7f8c493bee3646\",\"/BUTT_CSS_38/styles/buttontheme9.css\":\"0a3dcd4901e746828c476784e46d2cd2\",\"/styles/floatbuttonpostload.css\":\"0ecf950aecfaf2a7278d824d307c9e54\",\"/js/siqchatwindow7.js\":\"f5f5208ab32f68156000b5df89580155\",\"/styles/buttontheme14.css\":\"0f1de6a63d3513ca0cef33699eb3379d\",\"/FLOAT_CSS_55/styles/floatbutton2.css\":\"7fc67d033bdcd43290b48dcfefe29d0e\",\"/styles/buttontheme4.css\":\"4a3c9dd2582d9ce3053e9b423e1ec21f\",\"/BUTT_CSS_38/styles/buttontheme12.css\":\"7d68d20998de321de76a791814a1401c\",\"/styles/buttontheme3.css\":\"df997240199b64785ded5135e06949b8\",\"/FLOAT_CSS_55/styles/floatbutton3.css\":\"62594d90bc35f3e229b77286fa66595c\",\"/PERSONALIZE_CSS_44/styles/personalizetheme1.css\":\"dd95d8b22622f2d1007a52684dd15b11\",\"/styles/floatbutton9.css\":\"5b4772149168b0c3724dc55ed7b747b0\",\"/styles/floatbutton10.css\":\"0fc1f3f0c2e5fb5431ab695fcfaa0d5b\",\"/js/floatbutton6.js\":\"d0faad1abd357a5bb82450aadf022998\",\"/js/floatbutton2.js\":\"72ab1fc61c66cf37e4b323262227fe30\",\"/styles/personalizethemepostload.css\":\"97fe0fa7cbac29a4041899fa4492dbb2\",\"/js/floatbutton11.js\":\"fc951335b73f34aa18664444e9bb1cc9\",\"/styles/buttonthemepostload.css\":\"e0979a90633d86ee899517b062bdb9ac\",\"/styles/buttontheme13.css\":\"5d3b66e38e0d3a7a3863dc516eb4512e\",\"/BUTT_CSS_38/styles/buttontheme8.css\":\"223ec7d5b41dcb3aabd91092d87c64d9\",\"/BUTT_CSS_38/styles/buttonthemepostload.css\":\"b49e40508a2d44ed0a81ecdc2210a540\",\"/styles/floatbutton11.css\":\"e5a0e8a963c559ccc16ca09e06685ba9\",\"/FLOAT_CSS_55/styles/floatbutton4.css\":\"9ba05bb8ddd916a9fc6cf7e5d3b15d9f\",\"/styles/floatbutton8.css\":\"91cb3e950a067f22df7d18dde2ac6b6a\",\"/BUTT_CSS_38/styles/buttontheme11.css\":\"1892d58b8304019cae94ddafe35f61fc\",\"/js/siqchatwindow3.js\":\"1c04331e175a218c70d75f8704019bfe\"}","common_static_url":"https://js.zohostatic.eu/salesiq/May_02_2023_01_https","image_server":"https://img.zohostatic.eu/salesiq/May_02_2023_01_https"},"media":{"server":"https://static.zohocdn.com/salesiq/MEDIA_14"},"wms_related_info":{"js_static_domain":"js.zohostatic.eu","public_domain":"wms.zohopublic.eu","js_static_server":"https://js.zohocdn.com/ichat/js/Sep_05_2023_6987616_wmsliteapi.js","product_code":"LD"},"i18nkeys":{"chat_widget":{"button.offline.maintitle":"We're offline!","av.info.callnow":"Call Now","button.online.maintitle":"We're online!","personalize.online.maintitle":"Let's chat!","gdpr.banner.notifypreferences":"We use cookies to improve user experience and analyze website traffic. By clicking \"Accept\", you agree to our website's cookie use as described in our Cookie Policy. You can change your cookie settings at any time by clicking \"Preferences\".","operatorimage.alt.text":"Operator","gdpr.banner.donottrack":"This website make use of cookies to give you the best possible experience when you visit our website. By continuing your browsing, you implicitly consent to our use of cookies on this website. If you do not want cookies on your device, please click \"Do not track\".","button.online.byline":"Let's chat!","gdpr.banner.cookie.acceptall":"Accept All","customsticker.alt.text":"Chat Widget","gravatar.alt.text":"Gravatar","gdpr.banner.learnmore":"Learn More","float.chat.text":"Chat now","gdpr.banner.button.donottrack":"Do not track","float.online.maintitle":"We're Online!","companylogo.alt.text":"Company Logo","personalize.offline.maintitle":"Leave a message","button.offline.byline":"Leave a message","float.offline.byline":"Leave a message","gdpr.banner.preferences":"Preferences","float.online.byline":"How may I help you today?","gdpr.banner.notify":"We use cookies to give you the best possible experience while you browse through our website. By pursuing the use of our website you implicitly agree to the usage of cookies on this site.","gdpr.banner.button.ok":"Got it!","sticker.connect.text":"Connect","float.offline.maintitle":"We're offline"}},"lsid":"21721000003972053","cdn":{"js_static_server":"https://js.zohocdn.com","media_file_hashes":"{\"sound/ping.wav\":\"0d275102a650111739e32877df076ba3\",\"sound/buzz.wav\":\"af35dd22715ef4d8b8c4a52aaa061732\",\"flash/player.swf\":\"0dac92b089f977a666eb6b81c7607275\",\"sound/ping.mp3\":\"e69e7799466b7f62fc1640e8028f922d\",\"sound/hold.wav\":\"6ff1b67d338886a15e1cbfd9959ccf63\",\"sound/buzz.mp3\":\"bbe6c351f592ecdb339f21f279c27fe9\",\"sound/ringtone.wav\":\"ddee64f12c740917937f17387de197dc\",\"sound/ringtone.mp3\":\"7f536b601e8b23d38331a4c5d0d9e400\",\"sound/shortnotification.wav\":\"dae5d3bf002c3a547ec196363af86d75\",\"sound/hold.mp3\":\"ba68f11bb705b2b2b7a4e9e673255e76\",\"sound/waiting.wav\":\"ec4ef8e565819aa2842dfc80cc2ede08\",\"sound/shortnotification.mp3\":\"18532df2aa5ded17511ebe1d34ab0f3f\",\"sound/waiting.mp3\":\"6a2ea47c147c11c6c5f8d098dd9ee0fd\"}","css_static_server":"https://css.zohocdn.com","enabled":true,"common_static_url":"https://static.zohocdn.com"},"language_changed_in_api":false,"company_info":{"logo_source":"https://salesiq.zohopublic.eu/amazixlimited/clogo/1646332982526_20064653905/photo.ls","clogo_fkey":"1646332982526_20064653905"},"siq_service_name":"LiveDesk","components":["chat","screen_share","proactive"],"appname":"Team Finance","company_name":"AmaZix Limited","is_business_hours_enabled":"false","visitor_info":{"pagetitle":"Team Finance: Token & Liquidity Locks + Launch Tokens & Vesting Contracts","country_code":"US","remote_ip":"185.107.56.42","country":"United States"},"language":"default","status":"online","sesonaltheme_expiry_time":"1672684199000","logo_url":"/api/v2/amazixlimited/downloads/1678338745219_21721000003972053?purpose=app_logo","version_changed":false,"app_id":"siq7d157d90a147056ac93513cd51afa5c1b8a7ef426d68f2fd138799e9b1ca3a48","window_type":2,"dynamic_configurations":{"isbetaportal":false,"read_recipient_enabled":true,"embed_revamp":false,"rtl_language_support":false,"cookie_segregation":true,"cookie_optimization":false,"reply_option_enabled":true,"widget_performance_optimised":false,"jwt_enabled":false,"article_revamp_enabled":true,"screenshare_parallelchat":false,"app_newconfig_enabled":false,"call_monitor_enabled":true,"only_call_enabled":true,"jquery_version_updated":false,"staticfiles_delayloading_enabled":true,"rtcp_enabled":false,"use_emojis":false,"message_sanitization_enabled":true,"formremoval":true,"whitelisted_attachements":false,"message_operations_enabled":true,"call_transfer_enabled":true,"accessibility_enabled":false,"conversation_newflow_enabled":true,"multilevel_category_supported":true,"wms_debug_logs":false,"wms_anon_register":false,"revamp_enabled":false,"bot_rendering_ux_revamp":false,"embed_mobile_view":false,"hide_prechatform_question":false,"isvoicenotesenabled":true},"google_map":"https://maps.googleapis.com/maps/api/js?v=3.exp&sensor=false","integration":{"analytics":[],"mailchimp":{"enabled":false},"campaign":{},"enabled_integrations":"[13, 6, 2, 14, 3, 22]"},"departments":[{"status":true,"bot_users":["21721000003972039"],"name":"Team Finance","is_only_bot_available":false,"dname":"Team Finance","users":["21721000002763049","21721000003972039","21721000004537155","21721000004537163"],"is_engaged":false,"id":"21721000003972061"}]}}