[{"id":"algorand","symbol":"algo","name":"Algorand","image":"https://assets.coingecko.com/coins/images/4380/large/download.png?1547039725","current_price":0.09756,"market_cap":761922211,"market_cap_rank":50,"fully_diluted_valuation":973270253,"total_volume":27688301,"high_24h":0.098184,"low_24h":0.093657,"price_change_24h":0.00231767,"price_change_percentage_24h":2.43344,"market_cap_change_24h":15769455,"market_cap_change_percentage_24h":2.11344,"circulating_supply":7828475267.81906,"total_supply":7828475264.87406,"max_supply":10000000000.0,"ath":3.56,"ath_change_percentage":-97.26376,"ath_date":"2019-06-20T14:51:19.480Z","atl":0.090561,"atl_change_percentage":7.5977,"atl_date":"2023-08-17T21:51:08.443Z","roi":{"times":-0.9593498902546923,"currency":"usd","percentage":-95.93498902546924},"last_updated":"2023-09-08T04:45:01.217Z"},{"id":"opulous","symbol":"opul","name":"Opulous","image":"https://assets.coingecko.com/coins/images/16548/large/opulous.PNG?1624418744","current_price":0.065895,"market_cap":16792576,"market_cap_rank":703,"fully_diluted_valuation":32922919,"total_volume":599624,"high_24h":0.06653,"low_24h":0.065482,"price_change_24h":0.00017546,"price_change_percentage_24h":0.26698,"market_cap_change_24h":43602,"market_cap_change_percentage_24h":0.26032,"circulating_supply":255028670.7401191,"total_supply":500000000.0,"max_supply":500000000.0,"ath":7.56,"ath_change_percentage":-99.1281,"ath_date":"2021-11-18T00:19:31.249Z","atl":0.04458685,"atl_change_percentage":47.79513,"atl_date":"2023-01-11T13:36:26.613Z","roi":null,"last_updated":"2023-09-08T04:45:08.986Z"},{"id":"buying","symbol":"buy","name":"Buying.com","image":"https://assets.coingecko.com/coins/images/5290/large/buying_200x200.png?1628587856","current_price":0.02000982,"market_cap":10859420,"market_cap_rank":876,"fully_diluted_valuation":19999145,"total_volume":424276,"high_24h":0.02013275,"low_24h":0.01996942,"price_change_24h":-9.600475400514e-05,"price_change_percentage_24h":-0.4775,"market_cap_change_24h":-67462.02515575103,"market_cap_change_percentage_24h":-0.6174,"circulating_supply":542994223.02,"total_supply":986800000.0,"max_supply":1000000000.0,"ath":0.106518,"ath_change_percentage":-81.22323,"ath_date":"2021-08-14T05:39:12.233Z","atl":0.01283752,"atl_change_percentage":55.79887,"atl_date":"2022-09-30T09:59:40.904Z","roi":null,"last_updated":"2023-09-08T04:44:52.458Z"},{"id":"carbon-credit","symbol":"cct","name":"Carbon Credit","image":"https://assets.coingecko.com/coins/images/24644/large/wlURMRLZ_400x400.jpg?1648477454","current_price":0.248015,"market_cap":4593286,"market_cap_rank":1192,"fully_diluted_valuation":148569804,"total_volume":14966.22,"high_24h":0.249689,"low_24h":0.245141,"price_change_24h":-0.000455342252578511,"price_change_percentage_24h":-0.18326,"market_cap_change_24h":-17832.78981882427,"market_cap_change_percentage_24h":-0.38673,"circulating_supply":18550010.0,"total_supply":600000000.0,"max_supply":600000000.0,"ath":0.804094,"ath_change_percentage":-69.18944,"ath_date":"2023-08-25T14:34:48.957Z","atl":0.03335338,"atl_change_percentage":642.79122,"atl_date":"2022-08-23T13:55:37.132Z","roi":null,"last_updated":"2023-09-08T04:41:13.861Z"},{"id":"limewire-token","symbol":"lmwr","name":"LimeWire","image":"https://assets.coingecko.com/coins/images/30356/large/LimeWire_Logo_Icon_200x200_%281%29.png?1684230574","current_price":0.090939,"market_cap":4357549,"market_cap_rank":1213,"fully_diluted_valuation":91087221,"total_volume":111058,"high_24h":0.094634,"low_24h":0.089819,"price_change_24h":-0.000618729601631923,"price_change_percentage_24h":-0.67578,"market_cap_change_24h":-18388.37232190091,"market_cap_change_percentage_24h":-0.42022,"circulating_supply":47839305.0,"total_supply":938045267.0,"max_supply":1000000000.0,"ath":0.602655,"ath_change_percentage":-84.90305,"ath_date":"2023-05-16T12:18:27.525Z","atl":0.05949,"atl_change_percentage":52.9367,"atl_date":"2023-07-28T23:44:22.089Z","roi":null,"last_updated":"2023-09-08T04:45:00.207Z"},{"id":"xfinite-entertainment-token","symbol":"xet","name":"Xfinite Entertainment","image":"https://assets.coingecko.com/coins/images/18422/large/Xfinite_icon_%28black%29.png?1631856864","current_price":0.00031872,"market_cap":741987,"market_cap_rank":2069,"fully_diluted_valuation":1273798,"total_volume":108473,"high_24h":0.00032269,"low_24h":0.00031457,"price_change_24h":3.51e-06,"price_change_percentage_24h":1.1146,"market_cap_change_24h":7814.97,"market_cap_change_percentage_24h":1.06446,"circulating_supply":2330000000.0,"total_supply":4000000000.0,"max_supply":4000000000.0,"ath":31.99,"ath_change_percentage":-99.999,"ath_date":"2021-11-25T01:09:52.480Z","atl":0.00031451,"atl_change_percentage":1.33635,"atl_date":"2023-09-07T03:25:48.155Z","roi":null,"last_updated":"2023-09-08T04:43:54.843Z"},{"id":"bnext-b3x","symbol":"b3x","name":"Bnext B3X","image":"https://assets.coingecko.com/coins/images/25518/large/202209_Token_Gate.io_LogoToken_200x200.png?1664069371","current_price":0.0017886,"market_cap":0.0,"market_cap_rank":null,"fully_diluted_valuation":6245178,"total_volume":21078,"high_24h":0.00182812,"low_24h":0.00175488,"price_change_24h":-3.7579635504595e-05,"price_change_percentage_24h":-2.05783,"market_cap_change_24h":0.0,"market_cap_change_percentage_24h":0.0,"circulating_supply":0.0,"total_supply":3500000000.0,"max_supply":3500000000.0,"ath":0.02009271,"ath_change_percentage":-91.0883,"ath_date":"2022-10-12T07:57:13.063Z","atl":0.00063211,"atl_change_percentage":183.27395,"atl_date":"2023-05-01T07:08:29.959Z","roi":null,"last_updated":"2023-09-08T04:43:45.181Z"},{"id":"brd","symbol":"brd","name":"Board","image":"https://assets.coingecko.com/coins/images/30317/large/b_w_IgPz_400x400.jpg?1684137757","current_price":1.758e-05,"market_cap":0.0,"market_cap_rank":null,"fully_diluted_valuation":17561.14,"total_volume":8.14,"high_24h":1.769e-05,"low_24h":1.685e-05,"price_change_24h":3.86842e-07,"price_change_percentage_24h":2.24997,"market_cap_change_24h":0.0,"market_cap_change_percentage_24h":0.0,"circulating_supply":0.0,"total_supply":1000000000.0,"max_supply":null,"ath":6.182e-05,"ath_change_percentage":-71.65951,"ath_date":"2023-05-18T11:09:45.346Z","atl":4.84597e-07,"atl_change_percentage":3515.18089,"atl_date":"2023-05-12T11:04:21.520Z","roi":null,"last_updated":"2023-09-08T04:42:40.758Z"},{"id":"brz","symbol":"brz","name":"Brazilian Digital","image":"https://assets.coingecko.com/coins/images/8472/large/MicrosoftTeams-image_%286%29.png?1674480131","current_price":0.222935,"market_cap":0.0,"market_cap_rank":null,"fully_diluted_valuation":2002418,"total_volume":622903,"high_24h":0.225149,"low_24h":0.196471,"price_change_24h":0.00119184,"price_change_percentage_24h":0.53749,"market_cap_change_24h":0.0,"market_cap_change_percentage_24h":0.0,"circulating_supply":0.0,"total_supply":9000000.0,"max_supply":null,"ath":6.54,"ath_change_percentage":-96.59319,"ath_date":"2023-05-18T12:08:35.386Z","atl":0.005509,"atl_change_percentage":3943.04198,"atl_date":"2023-06-09T04:54:52.829Z","roi":null,"last_updated":"2023-09-08T04:45:10.528Z"},{"id":"choice-coin","symbol":"choice","name":"Choice Coin","image":"https://assets.coingecko.com/coins/images/23770/large/IMG_2021.jpg?1645425735","current_price":2.485e-05,"market_cap":0.0,"market_cap_rank":null,"fully_diluted_valuation":24886,"total_volume":51.46,"high_24h":2.489e-05,"low_24h":2.245e-05,"price_change_24h":2.24e-06,"price_change_percentage_24h":9.9125,"market_cap_change_24h":0.0,"market_cap_change_percentage_24h":0.0,"circulating_supply":0.0,"total_supply":1000000000.0,"max_supply":null,"ath":0.00031612,"ath_change_percentage":-92.14555,"ath_date":"2022-11-09T06:54:08.820Z","atl":1.331e-05,"atl_change_percentage":86.57136,"atl_date":"2023-08-02T05:02:49.668Z","roi":null,"last_updated":"2023-09-08T04:44:20.815Z"},{"id":"defly","symbol":"defly","name":"Defly","image":"https://assets.coingecko.com/coins/images/26626/large/Sad34tgL_400x400.jpeg?1659323872","current_price":0.00121811,"market_cap":0.0,"market_cap_rank":null,"fully_diluted_valuation":1216364,"total_volume":1144.24,"high_24h":0.0012286,"low_24h":0.00115762,"price_change_24h":3.846e-05,"price_change_percentage_24h":3.26047,"market_cap_change_24h":0.0,"market_cap_change_percentage_24h":0.0,"circulating_supply":0.0,"total_supply":1000000000.0,"max_supply":1000000000.0,"ath":0.01144076,"ath_change_percentage":-89.3936,"ath_date":"2022-11-17T06:30:57.077Z","atl":0.00100648,"atl_change_percentage":20.56417,"atl_date":"2023-09-06T12:58:46.865Z","roi":null,"last_updated":"2023-09-08T04:43:49.372Z"},{"id":"fryscrypto","symbol":"fry","name":"FrysCrypto","image":"https://assets.coingecko.com/coins/images/30054/large/Coin.png?1682998327","current_price":0.00137309,"market_cap":0.0,"market_cap_rank":null,"fully_diluted_valuation":10969040,"total_volume":62.85,"high_24h":0.00137831,"low_24h":0.00130767,"price_change_24h":2.444e-05,"price_change_percentage_24h":1.81233,"market_cap_change_24h":0.0,"market_cap_change_percentage_24h":0.0,"circulating_supply":0.0,"total_supply":7999999995.0,"max_supply":8000000000.0,"ath":0.02287819,"ath_change_percentage":-94.02113,"ath_date":"2023-05-03T00:33:37.674Z","atl":0.00081836,"atl_change_percentage":67.14599,"atl_date":"2023-06-12T09:46:29.714Z","roi":null,"last_updated":"2023-09-08T04:43:49.604Z"},{"id":"glitter-finance","symbol":"xgli","name":"XGLI DAO Protocol","image":"https://assets.coingecko.com/coins/images/23292/large/xgli-dao.png?1682651915","current_price":0.00013561,"market_cap":0.0,"market_cap_rank":null,"fully_diluted_valuation":67703,"total_volume":172.42,"high_24h":0.00013668,"low_24h":0.00011813,"price_change_24h":1.622e-05,"price_change_percentage_24h":13.58211,"market_cap_change_24h":0.0,"market_cap_change_percentage_24h":0.0,"circulating_supply":0.0,"total_supply":499999999.99,"max_supply":499999999.99,"ath":0.119031,"ath_change_percentage":-99.88652,"ath_date":"2022-03-30T00:48:59.401Z","atl":1.146e-05,"atl_change_percentage":1078.22775,"atl_date":"2023-08-21T18:55:50.372Z","roi":null,"last_updated":"2023-09-08T04:43:59.348Z"},{"id":"gobtc","symbol":"gobtc","name":"goBTC","image":"https://assets.coingecko.com/coins/images/26825/large/gobtc.png?1660287756","current_price":26238,"market_cap":0.0,"market_cap_rank":null,"fully_diluted_valuation":null,"total_volume":1598.92,"high_24h":26481,"low_24h":25391,"price_change_24h":426.08,"price_change_percentage_24h":1.65067,"market_cap_change_24h":0.0,"market_cap_change_percentage_24h":0.0,"circulating_supply":0.0,"total_supply":null,"max_supply":null,"ath":39865,"ath_change_percentage":-34.43371,"ath_date":"2022-11-14T13:40:57.850Z","atl":6486.32,"atl_change_percentage":302.97277,"atl_date":"2022-11-08T18:42:34.858Z","roi":null,"last_updated":"2023-09-08T04:43:50.624Z"},{"id":"goeth","symbol":"goeth","name":"goETH","image":"https://assets.coingecko.com/coins/images/26826/large/goeth.png?1660288121","current_price":1654.33,"market_cap":0.0,"market_cap_rank":null,"fully_diluted_valuation":null,"total_volume":784.72,"high_24h":1674.67,"low_24h":1621.62,"price_change_24h":12.18,"price_change_percentage_24h":0.7417,"market_cap_change_24h":0.0,"market_cap_change_percentage_24h":0.0,"circulating_supply":0.0,"total_supply":null,"max_supply":null,"ath":2984.41,"ath_change_percentage":-44.78721,"ath_date":"2022-11-14T13:32:53.600Z","atl":475.8,"atl_change_percentage":246.31769,"atl_date":"2022-11-08T18:44:15.336Z","roi":null,"last_updated":"2023-09-08T04:44:00.150Z"}]